country,iso2,year,procedure,interest
Cayman Islands,KY,2010,botox,100
Bermuda,BM,2010,botox,96
Lebanon,LB,2010,botox,80
New Caledonia,NC,2010,botox,69
Australia,AU,2010,botox,66
Guam,GU,2010,botox,59
Ireland,IE,2010,botox,57
Canada,CA,2010,botox,53
New Zealand,NZ,2010,botox,52
Sweden,SE,2010,botox,51
Brunei,BN,2010,botox,51
United Kingdom,GB,2010,botox,49
Norway,NO,2010,botox,48
United States,US,2010,botox,48
South Africa,ZA,2010,botox,46
Hong Kong,HK,2010,botox,45
Singapore,SG,2010,botox,44
Switzerland,CH,2010,botox,42
Austria,AT,2010,botox,42
Denmark,DK,2010,botox,41
Macao,MO,2010,botox,40
Albania,AL,2010,botox,40
Jamaica,JM,2010,botox,38
Iceland,IS,2010,botox,38
Thailand,TH,2010,botox,38
Philippines,PH,2010,botox,37
Luxembourg,LU,2010,botox,36
Germany,DE,2010,botox,36
Netherlands,NL,2010,botox,35
United Arab Emirates,AE,2010,botox,34
Venezuela,VE,2010,botox,34
Nicaragua,NI,2010,botox,33
Colombia,CO,2010,botox,32
Malta,MT,2010,botox,31
Malaysia,MY,2010,botox,31
Cyprus,CY,2010,botox,30
Belgium,BE,2010,botox,30
Ecuador,EC,2010,botox,29
Brazil,BR,2010,botox,29
Hungary,HU,2010,botox,29
Puerto Rico,PR,2010,botox,28
Greece,GR,2010,botox,27
Bahrain,BH,2010,botox,26
Panama,PA,2010,botox,25
Finland,FI,2010,botox,25
Chile,CL,2010,botox,25
Costa Rica,CR,2010,botox,24
Estonia,EE,2010,botox,24
Paraguay,PY,2010,botox,23
Mexico,MX,2010,botox,21
Dominican Republic,DO,2010,botox,21
Bolivia,BO,2010,botox,21
El Salvador,SV,2010,botox,21
Poland,PL,2010,botox,21
Kenya,KE,2010,botox,21
India,IN,2010,botox,20
Spain,ES,2010,botox,20
Syria,SY,2010,botox,20
Qatar,QA,2010,botox,20
Romania,RO,2010,botox,19
Portugal,PT,2010,botox,19
Sri Lanka,LK,2010,botox,18
Czechia,CZ,2010,botox,18
Guatemala,GT,2010,botox,18
Argentina,AR,2010,botox,18
Pakistan,PK,2010,botox,18
Tunisia,TN,2010,botox,17
Slovakia,SK,2010,botox,17
Uruguay,UY,2010,botox,16
Croatia,HR,2010,botox,16
Kuwait,KW,2010,botox,16
Peru,PE,2010,botox,16
Oman,OM,2010,botox,15
France,FR,2010,botox,14
South Korea,KR,2010,botox,14
Morocco,MA,2010,botox,14
Jordan,JO,2010,botox,13
Nigeria,NG,2010,botox,13
Algeria,DZ,2010,botox,12
Saudi Arabia,SA,2010,botox,12
Slovenia,SI,2010,botox,11
Italy,IT,2010,botox,11
Vietnam,VN,2010,botox,9
Bosnia & Herzegovina,BA,2010,botox,9
Serbia,RS,2010,botox,9
Latvia,LV,2010,botox,9
Taiwan,TW,2010,botox,9
Israel,IL,2010,botox,9
Indonesia,ID,2010,botox,8
Bulgaria,BG,2010,botox,8
Türkiye,TR,2010,botox,7
Iran,IR,2010,botox,7
Egypt,EG,2010,botox,6
Japan,JP,2010,botox,4
China,CN,2010,botox,4
Russia,RU,2010,botox,3
Lithuania,LT,2010,botox,3
Ukraine,UA,2010,botox,2
Cayman Islands,KY,2011,botox,100
Isle of Man,IM,2011,botox,86
Liechtenstein,LI,2011,botox,85
Lebanon,LB,2011,botox,82
Australia,AU,2011,botox,78
Jersey,JE,2011,botox,75
United Kingdom,GB,2011,botox,69
Bermuda,BM,2011,botox,68
Aruba,AW,2011,botox,64
Monaco,MC,2011,botox,63
Ireland,IE,2011,botox,62
Guernsey,GG,2011,botox,59
Canada,CA,2011,botox,59
United States,US,2011,botox,57
Norway,NO,2011,botox,56
South Africa,ZA,2011,botox,56
Denmark,DK,2011,botox,55
New Zealand,NZ,2011,botox,50
Netherlands,NL,2011,botox,50
Sweden,SE,2011,botox,48
Malta,MT,2011,botox,48
Brunei,BN,2011,botox,47
Cyprus,CY,2011,botox,45
Namibia,NA,2011,botox,44
Hong Kong,HK,2011,botox,44
Venezuela,VE,2011,botox,44
Singapore,SG,2011,botox,44
Luxembourg,LU,2011,botox,43
Brazil,BR,2011,botox,42
Laos,LA,2011,botox,42
Switzerland,CH,2011,botox,42
Austria,AT,2011,botox,41
Macao,MO,2011,botox,41
Germany,DE,2011,botox,41
Iceland,IS,2011,botox,39
United Arab Emirates,AE,2011,botox,39
Botswana,BW,2011,botox,39
Mozambique,MZ,2011,botox,38
Malaysia,MY,2011,botox,35
Belgium,BE,2011,botox,35
Costa Rica,CR,2011,botox,34
Paraguay,PY,2011,botox,33
Slovakia,SK,2011,botox,33
Nicaragua,NI,2011,botox,33
Colombia,CO,2011,botox,32
Puerto Rico,PR,2011,botox,32
Thailand,TH,2011,botox,32
Bahamas,BS,2011,botox,30
Guam,GU,2011,botox,30
Finland,FI,2011,botox,29
Chile,CL,2011,botox,27
Panama,PA,2011,botox,27
Greece,GR,2011,botox,26
Bolivia,BO,2011,botox,26
Jamaica,JM,2011,botox,25
Spain,ES,2011,botox,25
Hungary,HU,2011,botox,25
Estonia,EE,2011,botox,25
Croatia,HR,2011,botox,25
Qatar,QA,2011,botox,25
Czechia,CZ,2011,botox,24
Kenya,KE,2011,botox,23
Tanzania,TZ,2011,botox,23
Argentina,AR,2011,botox,22
Honduras,HN,2011,botox,22
Mexico,MX,2011,botox,22
Uruguay,UY,2011,botox,22
Dominican Republic,DO,2011,botox,22
Mauritius,MU,2011,botox,21
Albania,AL,2011,botox,21
Ecuador,EC,2011,botox,21
Bahrain,BH,2011,botox,20
Portugal,PT,2011,botox,20
Syria,SY,2011,botox,20
Romania,RO,2011,botox,20
Martinique,MQ,2011,botox,19
Morocco,MA,2011,botox,19
Peru,PE,2011,botox,19
Guadeloupe,GP,2011,botox,19
Poland,PL,2011,botox,19
Angola,AO,2011,botox,19
Philippines,PH,2011,botox,19
Pakistan,PK,2011,botox,18
Tunisia,TN,2011,botox,18
Guatemala,GT,2011,botox,18
Slovenia,SI,2011,botox,18
France,FR,2011,botox,17
Kuwait,KW,2011,botox,17
Montenegro,ME,2011,botox,17
Réunion,FR,2011,botox,17
North Macedonia,MK,2011,botox,17
Trinidad & Tobago,TT,2011,botox,16
El Salvador,SV,2011,botox,15
Moldova,MD,2011,botox,15
India,IN,2011,botox,15
Armenia,AM,2011,botox,14
Georgia,GE,2011,botox,14
Jordan,JO,2011,botox,14
Bangladesh,BD,2011,botox,13
Senegal,SN,2011,botox,13
Nepal,NP,2011,botox,12
Oman,OM,2011,botox,12
Iraq,IQ,2011,botox,12
Nigeria,NG,2011,botox,12
Algeria,DZ,2011,botox,11
Serbia,RS,2011,botox,11
Italy,IT,2011,botox,11
Bosnia & Herzegovina,BA,2011,botox,11
Sri Lanka,LK,2011,botox,11
Türkiye,TR,2011,botox,10
Azerbaijan,AZ,2011,botox,10
South Korea,KR,2011,botox,9
Latvia,LV,2011,botox,9
Israel,IL,2011,botox,8
Vietnam,VN,2011,botox,8
Ghana,GH,2011,botox,8
Iran,IR,2011,botox,8
Bulgaria,BG,2011,botox,8
Taiwan,TW,2011,botox,8
Indonesia,ID,2011,botox,8
Lithuania,LT,2011,botox,6
Saudi Arabia,SA,2011,botox,6
Egypt,EG,2011,botox,5
Palestine,PS,2011,botox,4
China,CN,2011,botox,3
Kazakhstan,KZ,2011,botox,3
Russia,RU,2011,botox,2
Ukraine,UA,2011,botox,2
Japan,JP,2011,botox,1
Guernsey,GG,2012,botox,100
Cayman Islands,KY,2012,botox,90
Monaco,MC,2012,botox,84
Australia,AU,2012,botox,81
Jersey,JE,2012,botox,74
Lebanon,LB,2012,botox,73
Ireland,IE,2012,botox,72
Aruba,AW,2012,botox,70
Denmark,DK,2012,botox,70
Belize,BZ,2012,botox,68
Isle of Man,IM,2012,botox,68
United Kingdom,GB,2012,botox,68
Norway,NO,2012,botox,64
Brazil,BR,2012,botox,59
Venezuela,VE,2012,botox,58
Canada,CA,2012,botox,58
Netherlands,NL,2012,botox,57
Barbados,BB,2012,botox,56
United States,US,2012,botox,55
New Zealand,NZ,2012,botox,53
Bermuda,BM,2012,botox,53
Sweden,SE,2012,botox,52
Switzerland,CH,2012,botox,51
South Africa,ZA,2012,botox,50
Singapore,SG,2012,botox,49
Luxembourg,LU,2012,botox,48
Austria,AT,2012,botox,46
Germany,DE,2012,botox,46
Hong Kong,HK,2012,botox,46
United Arab Emirates,AE,2012,botox,45
Panama,PA,2012,botox,44
French Polynesia,PF,2012,botox,44
Nicaragua,NI,2012,botox,43
Costa Rica,CR,2012,botox,43
Malta,MT,2012,botox,42
Cyprus,CY,2012,botox,41
Suriname,SR,2012,botox,40
Bahamas,BS,2012,botox,40
Namibia,NA,2012,botox,36
Puerto Rico,PR,2012,botox,36
Iceland,IS,2012,botox,36
Thailand,TH,2012,botox,34
Belgium,BE,2012,botox,34
Mauritius,MU,2012,botox,34
Brunei,BN,2012,botox,33
Slovakia,SK,2012,botox,32
Malaysia,MY,2012,botox,31
Estonia,EE,2012,botox,31
Paraguay,PY,2012,botox,30
Maldives,MV,2012,botox,30
Spain,ES,2012,botox,30
Macao,MO,2012,botox,30
Chile,CL,2012,botox,29
Colombia,CO,2012,botox,29
Qatar,QA,2012,botox,29
Croatia,HR,2012,botox,27
Réunion,FR,2012,botox,27
Finland,FI,2012,botox,26
Martinique,MQ,2012,botox,26
Guam,GU,2012,botox,26
Jamaica,JM,2012,botox,26
New Caledonia,NC,2012,botox,25
Hungary,HU,2012,botox,25
Bolivia,BO,2012,botox,25
Czechia,CZ,2012,botox,25
Mexico,MX,2012,botox,25
Greece,GR,2012,botox,24
Tunisia,TN,2012,botox,24
Guatemala,GT,2012,botox,23
Kuwait,KW,2012,botox,23
Bahrain,BH,2012,botox,23
Uruguay,UY,2012,botox,23
Trinidad & Tobago,TT,2012,botox,22
El Salvador,SV,2012,botox,22
Cambodia,KH,2012,botox,22
France,FR,2012,botox,22
Ecuador,EC,2012,botox,21
Guadeloupe,GP,2012,botox,21
Portugal,PT,2012,botox,20
Argentina,AR,2012,botox,20
Dominican Republic,DO,2012,botox,20
Morocco,MA,2012,botox,20
Kenya,KE,2012,botox,19
Mozambique,MZ,2012,botox,19
Poland,PL,2012,botox,19
Philippines,PH,2012,botox,18
Romania,RO,2012,botox,18
Honduras,HN,2012,botox,18
Mongolia,MN,2012,botox,18
Peru,PE,2012,botox,17
Albania,AL,2012,botox,16
Angola,AO,2012,botox,15
Pakistan,PK,2012,botox,15
Jordan,JO,2012,botox,15
Oman,OM,2012,botox,14
Senegal,SN,2012,botox,14
Moldova,MD,2012,botox,14
Slovenia,SI,2012,botox,14
India,IN,2012,botox,14
North Macedonia,MK,2012,botox,13
Georgia,GE,2012,botox,13
Nepal,NP,2012,botox,12
Sri Lanka,LK,2012,botox,12
Italy,IT,2012,botox,11
Bangladesh,BD,2012,botox,11
Algeria,DZ,2012,botox,11
Côte d’Ivoire,CI,2012,botox,11
Türkiye,TR,2012,botox,11
Azerbaijan,AZ,2012,botox,11
Montenegro,ME,2012,botox,11
Ghana,GH,2012,botox,10
Latvia,LV,2012,botox,10
Tanzania,TZ,2012,botox,9
Serbia,RS,2012,botox,9
Syria,SY,2012,botox,9
Vietnam,VN,2012,botox,9
Armenia,AM,2012,botox,9
South Korea,KR,2012,botox,9
Israel,IL,2012,botox,9
Iraq,IQ,2012,botox,9
Bosnia & Herzegovina,BA,2012,botox,9
Indonesia,ID,2012,botox,8
Libya,LY,2012,botox,8
Iran,IR,2012,botox,8
Taiwan,TW,2012,botox,8
Saudi Arabia,SA,2012,botox,7
Nigeria,NG,2012,botox,6
Egypt,EG,2012,botox,6
Palestine,PS,2012,botox,6
Bulgaria,BG,2012,botox,6
Lithuania,LT,2012,botox,6
China,CN,2012,botox,3
Russia,RU,2012,botox,2
Kazakhstan,KZ,2012,botox,1
Ukraine,UA,2012,botox,1
Japan,JP,2012,botox,1
Cayman Islands,KY,2013,botox,100
Guernsey,GG,2013,botox,94
Åland Islands,AX,2013,botox,93
Monaco,MC,2013,botox,81
Brazil,BR,2013,botox,77
Australia,AU,2013,botox,75
Lebanon,LB,2013,botox,71
Norway,NO,2013,botox,66
Gibraltar,GI,2013,botox,65
Ireland,IE,2013,botox,65
United Kingdom,GB,2013,botox,63
Curaçao,CW,2013,botox,62
Bermuda,BM,2013,botox,59
Denmark,DK,2013,botox,58
Andorra,AD,2013,botox,57
Canada,CA,2013,botox,57
Netherlands,NL,2013,botox,56
United States,US,2013,botox,56
Brunei,BN,2013,botox,55
Sweden,SE,2013,botox,54
United Arab Emirates,AE,2013,botox,54
Isle of Man,IM,2013,botox,53
Aruba,AW,2013,botox,52
Panama,PA,2013,botox,49
Venezuela,VE,2013,botox,49
Singapore,SG,2013,botox,48
South Africa,ZA,2013,botox,47
Macao,MO,2013,botox,46
Switzerland,CH,2013,botox,46
New Zealand,NZ,2013,botox,46
Jersey,JE,2013,botox,45
Hong Kong,HK,2013,botox,45
Iceland,IS,2013,botox,45
Guam,GU,2013,botox,44
Austria,AT,2013,botox,43
Luxembourg,LU,2013,botox,42
Malta,MT,2013,botox,42
Guyana,GY,2013,botox,42
Germany,DE,2013,botox,41
Costa Rica,CR,2013,botox,38
Bahrain,BH,2013,botox,38
Barbados,BB,2013,botox,37
Thailand,TH,2013,botox,37
Cyprus,CY,2013,botox,36
Namibia,NA,2013,botox,35
Puerto Rico,PR,2013,botox,34
Morocco,MA,2013,botox,34
St. Helena,GB,2013,botox,32
Spain,ES,2013,botox,32
Belgium,BE,2013,botox,32
Nicaragua,NI,2013,botox,32
Paraguay,PY,2013,botox,31
Greece,GR,2013,botox,30
Malaysia,MY,2013,botox,29
Tunisia,TN,2013,botox,28
Suriname,SR,2013,botox,28
Chile,CL,2013,botox,27
Slovakia,SK,2013,botox,26
Qatar,QA,2013,botox,26
Czechia,CZ,2013,botox,26
Kuwait,KW,2013,botox,25
Finland,FI,2013,botox,25
El Salvador,SV,2013,botox,24
Uruguay,UY,2013,botox,24
Estonia,EE,2013,botox,24
Honduras,HN,2013,botox,24
Colombia,CO,2013,botox,23
Mexico,MX,2013,botox,23
New Caledonia,NC,2013,botox,23
Guatemala,GT,2013,botox,23
Ecuador,EC,2013,botox,23
Hungary,HU,2013,botox,22
Argentina,AR,2013,botox,22
Jamaica,JM,2013,botox,22
Dominican Republic,DO,2013,botox,21
Haiti,HT,2013,botox,20
France,FR,2013,botox,20
Trinidad & Tobago,TT,2013,botox,20
Guadeloupe,GP,2013,botox,20
Bolivia,BO,2013,botox,20
Portugal,PT,2013,botox,19
Bahamas,BS,2013,botox,19
Romania,RO,2013,botox,19
Croatia,HR,2013,botox,18
Réunion,FR,2013,botox,18
Afghanistan,AF,2013,botox,18
Kenya,KE,2013,botox,18
Maldives,MV,2013,botox,17
Peru,PE,2013,botox,17
Nepal,NP,2013,botox,16
Mauritius,MU,2013,botox,16
Cameroon,CM,2013,botox,16
Algeria,DZ,2013,botox,16
Oman,OM,2013,botox,16
Philippines,PH,2013,botox,16
Poland,PL,2013,botox,16
Jordan,JO,2013,botox,15
Mongolia,MN,2013,botox,15
Slovenia,SI,2013,botox,15
Pakistan,PK,2013,botox,14
Mozambique,MZ,2013,botox,14
Albania,AL,2013,botox,14
Kosovo,XK,2013,botox,14
Angola,AO,2013,botox,13
Laos,LA,2013,botox,13
Montenegro,ME,2013,botox,13
North Macedonia,MK,2013,botox,13
Cambodia,KH,2013,botox,12
Italy,IT,2013,botox,12
India,IN,2013,botox,12
Zimbabwe,ZW,2013,botox,11
Syria,SY,2013,botox,11
Ghana,GH,2013,botox,11
Georgia,GE,2013,botox,10
South Korea,KR,2013,botox,10
Saudi Arabia,SA,2013,botox,10
Sri Lanka,LK,2013,botox,10
Serbia,RS,2013,botox,10
Bosnia & Herzegovina,BA,2013,botox,9
Indonesia,ID,2013,botox,9
Türkiye,TR,2013,botox,9
Latvia,LV,2013,botox,9
Moldova,MD,2013,botox,9
Myanmar (Burma),MM,2013,botox,9
Côte d’Ivoire,CI,2013,botox,9
Armenia,AM,2013,botox,9
Uganda,UG,2013,botox,8
Nigeria,NG,2013,botox,8
Israel,IL,2013,botox,8
Egypt,EG,2013,botox,7
Vietnam,VN,2013,botox,7
Bangladesh,BD,2013,botox,7
Azerbaijan,AZ,2013,botox,7
Iran,IR,2013,botox,6
China,CN,2013,botox,5
Taiwan,TW,2013,botox,5
Lithuania,LT,2013,botox,5
Bulgaria,BG,2013,botox,5
Libya,LY,2013,botox,5
Iraq,IQ,2013,botox,5
Palestine,PS,2013,botox,4
Yemen,YE,2013,botox,4
Kazakhstan,KZ,2013,botox,1
Ukraine,UA,2013,botox,1
Russia,RU,2013,botox,1
Belarus,BY,2013,botox,1
Japan,JP,2013,botox,1
Brazil,BR,2014,botox,100
Cuba,CU,2014,botox,83
Lebanon,LB,2014,botox,82
Sint Maarten,NL,2014,botox,82
Aruba,AW,2014,botox,80
Norway,NO,2014,botox,79
Jersey,JE,2014,botox,78
Australia,AU,2014,botox,77
Monaco,MC,2014,botox,73
Faroe Islands,FO,2014,botox,72
United Kingdom,GB,2014,botox,71
Isle of Man,IM,2014,botox,68
Guernsey,GG,2014,botox,68
Gibraltar,GI,2014,botox,66
Netherlands,NL,2014,botox,64
Denmark,DK,2014,botox,63
Bahrain,BH,2014,botox,62
Cayman Islands,KY,2014,botox,60
Canada,CA,2014,botox,59
Sweden,SE,2014,botox,58
Ireland,IE,2014,botox,58
Bermuda,BM,2014,botox,57
United Arab Emirates,AE,2014,botox,56
Curaçao,CW,2014,botox,55
Malta,MT,2014,botox,53
Brunei,BN,2014,botox,52
United States,US,2014,botox,52
Cyprus,CY,2014,botox,49
Austria,AT,2014,botox,48
Singapore,SG,2014,botox,47
New Zealand,NZ,2014,botox,45
Panama,PA,2014,botox,45
Argentina,AR,2014,botox,44
Switzerland,CH,2014,botox,44
Puerto Rico,PR,2014,botox,44
Paraguay,PY,2014,botox,43
Venezuela,VE,2014,botox,43
Andorra,AD,2014,botox,42
Iceland,IS,2014,botox,40
Germany,DE,2014,botox,39
Luxembourg,LU,2014,botox,39
Hong Kong,HK,2014,botox,39
Tunisia,TN,2014,botox,38
Chile,CL,2014,botox,37
Nicaragua,NI,2014,botox,37
Costa Rica,CR,2014,botox,36
Belgium,BE,2014,botox,36
Qatar,QA,2014,botox,36
South Africa,ZA,2014,botox,35
Macao,MO,2014,botox,34
Spain,ES,2014,botox,34
Colombia,CO,2014,botox,34
Greece,GR,2014,botox,32
Barbados,BB,2014,botox,31
Slovakia,SK,2014,botox,30
Guam,GU,2014,botox,30
Thailand,TH,2014,botox,30
Uruguay,UY,2014,botox,30
Ecuador,EC,2014,botox,28
Kuwait,KW,2014,botox,28
Finland,FI,2014,botox,26
Morocco,MA,2014,botox,25
Trinidad & Tobago,TT,2014,botox,25
Papua New Guinea,PG,2014,botox,25
Bahamas,BS,2014,botox,25
Dominican Republic,DO,2014,botox,25
Namibia,NA,2014,botox,25
Romania,RO,2014,botox,25
Mexico,MX,2014,botox,24
Malaysia,MY,2014,botox,24
New Caledonia,NC,2014,botox,24
Suriname,SR,2014,botox,23
Mauritius,MU,2014,botox,23
Benin,BJ,2014,botox,23
Portugal,PT,2014,botox,23
Hungary,HU,2014,botox,23
Honduras,HN,2014,botox,22
France,FR,2014,botox,22
French Guiana,GF,2014,botox,22
El Salvador,SV,2014,botox,22
Czechia,CZ,2014,botox,22
Maldives,MV,2014,botox,21
Martinique,MQ,2014,botox,21
Guatemala,GT,2014,botox,20
Jamaica,JM,2014,botox,20
Croatia,HR,2014,botox,19
Guadeloupe,GP,2014,botox,19
Peru,PE,2014,botox,19
Haiti,HT,2014,botox,18
Jordan,JO,2014,botox,18
Réunion,FR,2014,botox,17
Kosovo,XK,2014,botox,17
Algeria,DZ,2014,botox,17
Philippines,PH,2014,botox,16
Slovenia,SI,2014,botox,16
Estonia,EE,2014,botox,16
Poland,PL,2014,botox,16
Kenya,KE,2014,botox,16
Pakistan,PK,2014,botox,15
Oman,OM,2014,botox,15
Bolivia,BO,2014,botox,14
Albania,AL,2014,botox,14
Afghanistan,AF,2014,botox,14
Italy,IT,2014,botox,14
Angola,AO,2014,botox,14
Nigeria,NG,2014,botox,13
Myanmar (Burma),MM,2014,botox,12
Nepal,NP,2014,botox,12
Laos,LA,2014,botox,12
North Macedonia,MK,2014,botox,12
Moldova,MD,2014,botox,11
Egypt,EG,2014,botox,11
Türkiye,TR,2014,botox,11
Syria,SY,2014,botox,11
Latvia,LV,2014,botox,11
Bosnia & Herzegovina,BA,2014,botox,11
Saudi Arabia,SA,2014,botox,11
Montenegro,ME,2014,botox,11
Mongolia,MN,2014,botox,11
St. Helena,GB,2014,botox,11
Mozambique,MZ,2014,botox,11
Indonesia,ID,2014,botox,10
Zimbabwe,ZW,2014,botox,10
Ghana,GH,2014,botox,10
Uganda,UG,2014,botox,10
Cambodia,KH,2014,botox,10
Serbia,RS,2014,botox,9
India,IN,2014,botox,9
Israel,IL,2014,botox,9
Sri Lanka,LK,2014,botox,9
South Korea,KR,2014,botox,9
Senegal,SN,2014,botox,9
Armenia,AM,2014,botox,8
Côte d’Ivoire,CI,2014,botox,7
Vietnam,VN,2014,botox,7
Iraq,IQ,2014,botox,7
Azerbaijan,AZ,2014,botox,7
Bangladesh,BD,2014,botox,6
Libya,LY,2014,botox,6
Bulgaria,BG,2014,botox,6
Georgia,GE,2014,botox,6
Lithuania,LT,2014,botox,6
China,CN,2014,botox,5
Taiwan,TW,2014,botox,5
Iran,IR,2014,botox,5
Tanzania,TZ,2014,botox,5
Sudan,SD,2014,botox,5
Yemen,YE,2014,botox,3
Belarus,BY,2014,botox,2
Ukraine,UA,2014,botox,1
Russia,RU,2014,botox,1
Kazakhstan,KZ,2014,botox,1
Japan,JP,2014,botox,1
Brazil,BR,2015,botox,100
Faroe Islands,FO,2015,botox,71
Curaçao,CW,2015,botox,62
Aruba,AW,2015,botox,59
Monaco,MC,2015,botox,58
Cuba,CU,2015,botox,56
Isle of Man,IM,2015,botox,55
Jersey,JE,2015,botox,53
Lebanon,LB,2015,botox,53
Australia,AU,2015,botox,51
Bermuda,BM,2015,botox,48
United Kingdom,GB,2015,botox,48
Netherlands,NL,2015,botox,46
Norway,NO,2015,botox,44
Gibraltar,GI,2015,botox,43
Chile,CL,2015,botox,43
United Arab Emirates,AE,2015,botox,42
Ireland,IE,2015,botox,42
Bahrain,BH,2015,botox,42
Guernsey,GG,2015,botox,40
Sweden,SE,2015,botox,40
Paraguay,PY,2015,botox,38
Malta,MT,2015,botox,38
Canada,CA,2015,botox,37
Puerto Rico,PR,2015,botox,37
Sint Maarten,NL,2015,botox,36
Denmark,DK,2015,botox,35
Panama,PA,2015,botox,35
United States,US,2015,botox,35
Argentina,AR,2015,botox,34
Costa Rica,CR,2015,botox,33
Cayman Islands,KY,2015,botox,32
Tunisia,TN,2015,botox,31
Cyprus,CY,2015,botox,30
New Zealand,NZ,2015,botox,30
Antigua & Barbuda,AG,2015,botox,30
Switzerland,CH,2015,botox,29
Grenada,GD,2015,botox,29
Austria,AT,2015,botox,29
Nicaragua,NI,2015,botox,27
Luxembourg,LU,2015,botox,27
Barbados,BB,2015,botox,27
Germany,DE,2015,botox,26
Belgium,BE,2015,botox,25
Macao,MO,2015,botox,25
Hong Kong,HK,2015,botox,25
Singapore,SG,2015,botox,25
Andorra,AD,2015,botox,24
Venezuela,VE,2015,botox,24
Qatar,QA,2015,botox,24
Spain,ES,2015,botox,23
Brunei,BN,2015,botox,23
South Africa,ZA,2015,botox,23
Iceland,IS,2015,botox,23
Ecuador,EC,2015,botox,23
Slovakia,SK,2015,botox,23
Guam,GU,2015,botox,22
Uruguay,UY,2015,botox,22
Colombia,CO,2015,botox,21
Bahamas,BS,2015,botox,21
Namibia,NA,2015,botox,20
Kuwait,KW,2015,botox,20
Romania,RO,2015,botox,19
Suriname,SR,2015,botox,19
Greece,GR,2015,botox,19
Morocco,MA,2015,botox,19
New Caledonia,NC,2015,botox,19
Czechia,CZ,2015,botox,18
Mauritius,MU,2015,botox,18
Portugal,PT,2015,botox,18
Thailand,TH,2015,botox,18
Dominican Republic,DO,2015,botox,18
Mexico,MX,2015,botox,17
Finland,FI,2015,botox,16
Malaysia,MY,2015,botox,16
Honduras,HN,2015,botox,15
Guatemala,GT,2015,botox,15
Italy,IT,2015,botox,15
Angola,AO,2015,botox,15
Hungary,HU,2015,botox,15
El Salvador,SV,2015,botox,14
Guadeloupe,GP,2015,botox,14
Montenegro,ME,2015,botox,14
Réunion,FR,2015,botox,14
France,FR,2015,botox,14
Guyana,GY,2015,botox,13
Peru,PE,2015,botox,13
Jordan,JO,2015,botox,13
Albania,AL,2015,botox,13
Oman,OM,2015,botox,12
Kosovo,XK,2015,botox,12
Trinidad & Tobago,TT,2015,botox,12
Bolivia,BO,2015,botox,12
Croatia,HR,2015,botox,12
Haiti,HT,2015,botox,12
Poland,PL,2015,botox,12
Estonia,EE,2015,botox,11
Jamaica,JM,2015,botox,11
Martinique,MQ,2015,botox,11
Fiji,FJ,2015,botox,11
Maldives,MV,2015,botox,10
Slovenia,SI,2015,botox,10
St. Helena,GB,2015,botox,10
Philippines,PH,2015,botox,10
Botswana,BW,2015,botox,10
Algeria,DZ,2015,botox,10
Mongolia,MN,2015,botox,10
Pakistan,PK,2015,botox,10
Myanmar (Burma),MM,2015,botox,9
Zambia,ZM,2015,botox,9
North Macedonia,MK,2015,botox,9
Türkiye,TR,2015,botox,9
Saudi Arabia,SA,2015,botox,8
Serbia,RS,2015,botox,8
Ghana,GH,2015,botox,8
Kenya,KE,2015,botox,8
Egypt,EG,2015,botox,8
China,CN,2015,botox,8
Nepal,NP,2015,botox,8
Indonesia,ID,2015,botox,8
Laos,LA,2015,botox,7
Moldova,MD,2015,botox,7
Zimbabwe,ZW,2015,botox,7
Bosnia & Herzegovina,BA,2015,botox,7
Syria,SY,2015,botox,7
Latvia,LV,2015,botox,6
Mozambique,MZ,2015,botox,6
Congo - Kinshasa,CD,2015,botox,6
Armenia,AM,2015,botox,6
Cambodia,KH,2015,botox,6
Senegal,SN,2015,botox,6
Côte d’Ivoire,CI,2015,botox,6
Madagascar,MG,2015,botox,6
India,IN,2015,botox,6
Cameroon,CM,2015,botox,6
Libya,LY,2015,botox,6
South Korea,KR,2015,botox,6
Azerbaijan,AZ,2015,botox,6
Lithuania,LT,2015,botox,5
Iraq,IQ,2015,botox,5
Nigeria,NG,2015,botox,5
Israel,IL,2015,botox,5
Sri Lanka,LK,2015,botox,5
Uganda,UG,2015,botox,4
Bangladesh,BD,2015,botox,4
Vietnam,VN,2015,botox,4
Iran,IR,2015,botox,4
Bulgaria,BG,2015,botox,4
Georgia,GE,2015,botox,3
Tanzania,TZ,2015,botox,3
Sudan,SD,2015,botox,3
Taiwan,TW,2015,botox,3
Ethiopia,ET,2015,botox,3
Ukraine,UA,2015,botox,2
Kazakhstan,KZ,2015,botox,1
Russia,RU,2015,botox,1
Belarus,BY,2015,botox,1
Japan,JP,2015,botox,1
Brazil,BR,2016,botox,100
Cuba,CU,2016,botox,68
Gibraltar,GI,2016,botox,67
St. Martin,FR,2016,botox,64
Jersey,JE,2016,botox,57
Bermuda,BM,2016,botox,55
Aruba,AW,2016,botox,50
Cayman Islands,KY,2016,botox,50
Ireland,IE,2016,botox,49
Chile,CL,2016,botox,49
Faroe Islands,FO,2016,botox,47
Norway,NO,2016,botox,47
Australia,AU,2016,botox,46
United Kingdom,GB,2016,botox,45
Isle of Man,IM,2016,botox,44
Lebanon,LB,2016,botox,42
Guernsey,GG,2016,botox,41
China,CN,2016,botox,41
Netherlands,NL,2016,botox,40
Sweden,SE,2016,botox,39
Curaçao,CW,2016,botox,39
Paraguay,PY,2016,botox,39
Sint Maarten,NL,2016,botox,38
Monaco,MC,2016,botox,35
Puerto Rico,PR,2016,botox,35
United Arab Emirates,AE,2016,botox,35
United States,US,2016,botox,35
Canada,CA,2016,botox,34
Liechtenstein,LI,2016,botox,31
Denmark,DK,2016,botox,31
Argentina,AR,2016,botox,30
Costa Rica,CR,2016,botox,30
New Zealand,NZ,2016,botox,29
Cyprus,CY,2016,botox,28
Panama,PA,2016,botox,28
Malta,MT,2016,botox,27
Bahrain,BH,2016,botox,27
Grenada,GD,2016,botox,27
Belgium,BE,2016,botox,26
Austria,AT,2016,botox,26
Switzerland,CH,2016,botox,25
Tunisia,TN,2016,botox,25
Luxembourg,LU,2016,botox,25
Germany,DE,2016,botox,24
Singapore,SG,2016,botox,22
Spain,ES,2016,botox,22
Barbados,BB,2016,botox,22
Nicaragua,NI,2016,botox,21
Brunei,BN,2016,botox,21
Qatar,QA,2016,botox,21
Hong Kong,HK,2016,botox,20
Uruguay,UY,2016,botox,19
Andorra,AD,2016,botox,19
Ecuador,EC,2016,botox,19
Portugal,PT,2016,botox,19
Iceland,IS,2016,botox,19
South Africa,ZA,2016,botox,18
St. Helena,GB,2016,botox,17
Peru,PE,2016,botox,17
Kuwait,KW,2016,botox,17
Greece,GR,2016,botox,17
Bolivia,BO,2016,botox,17
Macao,MO,2016,botox,17
Colombia,CO,2016,botox,17
Romania,RO,2016,botox,16
Finland,FI,2016,botox,16
Mexico,MX,2016,botox,16
Fiji,FJ,2016,botox,16
Venezuela,VE,2016,botox,16
Lesotho,LS,2016,botox,15
Dominican Republic,DO,2016,botox,15
Slovakia,SK,2016,botox,15
French Polynesia,PF,2016,botox,15
Mauritius,MU,2016,botox,15
Cape Verde,CV,2016,botox,14
Morocco,MA,2016,botox,14
France,FR,2016,botox,14
Guam,GU,2016,botox,14
Thailand,TH,2016,botox,14
Angola,AO,2016,botox,14
Czechia,CZ,2016,botox,13
Honduras,HN,2016,botox,13
Estonia,EE,2016,botox,13
Guatemala,GT,2016,botox,13
Bahamas,BS,2016,botox,13
French Guiana,GF,2016,botox,13
Hungary,HU,2016,botox,13
Kosovo,XK,2016,botox,12
Croatia,HR,2016,botox,12
Jordan,JO,2016,botox,12
Slovenia,SI,2016,botox,12
El Salvador,SV,2016,botox,12
Namibia,NA,2016,botox,11
Trinidad & Tobago,TT,2016,botox,11
Guyana,GY,2016,botox,11
Martinique,MQ,2016,botox,11
Malawi,MW,2016,botox,11
Malaysia,MY,2016,botox,11
Myanmar (Burma),MM,2016,botox,11
Guadeloupe,GP,2016,botox,11
Maldives,MV,2016,botox,11
Montenegro,ME,2016,botox,10
Poland,PL,2016,botox,10
Suriname,SR,2016,botox,10
Algeria,DZ,2016,botox,10
Italy,IT,2016,botox,10
Réunion,FR,2016,botox,9
Jamaica,JM,2016,botox,9
Mongolia,MN,2016,botox,9
Botswana,BW,2016,botox,9
North Macedonia,MK,2016,botox,9
Haiti,HT,2016,botox,8
Cameroon,CM,2016,botox,8
Gabon,GA,2016,botox,8
Türkiye,TR,2016,botox,8
Albania,AL,2016,botox,8
Oman,OM,2016,botox,8
Madagascar,MG,2016,botox,8
Philippines,PH,2016,botox,8
Pakistan,PK,2016,botox,8
Afghanistan,AF,2016,botox,8
Mozambique,MZ,2016,botox,7
New Caledonia,NC,2016,botox,7
Bosnia & Herzegovina,BA,2016,botox,7
Serbia,RS,2016,botox,7
Burkina Faso,BF,2016,botox,7
Moldova,MD,2016,botox,7
Saudi Arabia,SA,2016,botox,7
Kenya,KE,2016,botox,6
Latvia,LV,2016,botox,6
Iraq,IQ,2016,botox,6
Côte d’Ivoire,CI,2016,botox,6
Egypt,EG,2016,botox,6
Cambodia,KH,2016,botox,6
Laos,LA,2016,botox,6
Nepal,NP,2016,botox,6
Senegal,SN,2016,botox,5
Azerbaijan,AZ,2016,botox,5
Syria,SY,2016,botox,5
Lithuania,LT,2016,botox,5
South Korea,KR,2016,botox,5
Armenia,AM,2016,botox,5
Congo - Kinshasa,CD,2016,botox,5
Zambia,ZM,2016,botox,5
Israel,IL,2016,botox,4
India,IN,2016,botox,4
Georgia,GE,2016,botox,4
Sri Lanka,LK,2016,botox,4
Indonesia,ID,2016,botox,4
Ghana,GH,2016,botox,4
Bulgaria,BG,2016,botox,4
Zimbabwe,ZW,2016,botox,4
Sudan,SD,2016,botox,3
Nigeria,NG,2016,botox,3
Vietnam,VN,2016,botox,3
Tanzania,TZ,2016,botox,3
Taiwan,TW,2016,botox,3
Libya,LY,2016,botox,3
Iran,IR,2016,botox,2
Uganda,UG,2016,botox,2
Bangladesh,BD,2016,botox,2
Ethiopia,ET,2016,botox,2
Russia,RU,2016,botox,2
Kazakhstan,KZ,2016,botox,2
Yemen,YE,2016,botox,1
Ukraine,UA,2016,botox,1
Uzbekistan,UZ,2016,botox,1
Belarus,BY,2016,botox,1
Japan,JP,2016,botox,1
Brazil,BR,2017,botox,100
Jersey,JE,2017,botox,70
Cuba,CU,2017,botox,68
Cayman Islands,KY,2017,botox,63
St. Helena,GB,2017,botox,59
Ireland,IE,2017,botox,56
Norway,NO,2017,botox,50
United Kingdom,GB,2017,botox,50
Australia,AU,2017,botox,50
Chile,CL,2017,botox,49
Isle of Man,IM,2017,botox,47
Paraguay,PY,2017,botox,47
Sweden,SE,2017,botox,46
Gibraltar,GI,2017,botox,44
Lebanon,LB,2017,botox,44
Monaco,MC,2017,botox,44
Guernsey,GG,2017,botox,43
Faroe Islands,FO,2017,botox,41
Puerto Rico,PR,2017,botox,41
Netherlands,NL,2017,botox,40
Aruba,AW,2017,botox,39
Canada,CA,2017,botox,39
Denmark,DK,2017,botox,38
United Arab Emirates,AE,2017,botox,36
United States,US,2017,botox,36
Namibia,NA,2017,botox,36
Argentina,AR,2017,botox,34
Malta,MT,2017,botox,33
Bermuda,BM,2017,botox,32
Peru,PE,2017,botox,30
Costa Rica,CR,2017,botox,30
Liechtenstein,LI,2017,botox,30
Poland,PL,2017,botox,30
Curaçao,CW,2017,botox,29
Germany,DE,2017,botox,29
Cyprus,CY,2017,botox,29
Panama,PA,2017,botox,28
Iceland,IS,2017,botox,28
New Zealand,NZ,2017,botox,28
Austria,AT,2017,botox,27
Bahrain,BH,2017,botox,27
U.S. Virgin Islands,US,2017,botox,27
Belgium,BE,2017,botox,27
Switzerland,CH,2017,botox,26
Tunisia,TN,2017,botox,25
Luxembourg,LU,2017,botox,25
Antigua & Barbuda,AG,2017,botox,25
Uruguay,UY,2017,botox,24
Ecuador,EC,2017,botox,23
Grenada,GD,2017,botox,23
Andorra,AD,2017,botox,22
Dominican Republic,DO,2017,botox,21
Singapore,SG,2017,botox,21
Nicaragua,NI,2017,botox,21
Estonia,EE,2017,botox,20
Spain,ES,2017,botox,20
Qatar,QA,2017,botox,20
Greece,GR,2017,botox,20
Barbados,BB,2017,botox,19
Hong Kong,HK,2017,botox,19
Slovakia,SK,2017,botox,19
Colombia,CO,2017,botox,19
St. Lucia,LC,2017,botox,18
South Africa,ZA,2017,botox,18
Bhutan,BT,2017,botox,18
Bolivia,BO,2017,botox,18
Guam,GU,2017,botox,18
Portugal,PT,2017,botox,18
Mexico,MX,2017,botox,18
Czechia,CZ,2017,botox,16
Finland,FI,2017,botox,16
Romania,RO,2017,botox,16
Macao,MO,2017,botox,15
Hungary,HU,2017,botox,15
Brunei,BN,2017,botox,15
Thailand,TH,2017,botox,15
Morocco,MA,2017,botox,15
New Caledonia,NC,2017,botox,15
Trinidad & Tobago,TT,2017,botox,14
Kuwait,KW,2017,botox,14
Venezuela,VE,2017,botox,14
Bahamas,BS,2017,botox,14
Honduras,HN,2017,botox,14
Montenegro,ME,2017,botox,13
France,FR,2017,botox,13
Guatemala,GT,2017,botox,13
El Salvador,SV,2017,botox,13
Algeria,DZ,2017,botox,13
French Guiana,GF,2017,botox,13
Mauritius,MU,2017,botox,12
Jordan,JO,2017,botox,12
Croatia,HR,2017,botox,12
Angola,AO,2017,botox,12
French Polynesia,PF,2017,botox,12
North Macedonia,MK,2017,botox,11
Slovenia,SI,2017,botox,11
Kosovo,XK,2017,botox,11
Guadeloupe,GP,2017,botox,11
Türkiye,TR,2017,botox,11
China,CN,2017,botox,10
Fiji,FJ,2017,botox,10
Oman,OM,2017,botox,10
Albania,AL,2017,botox,10
Maldives,MV,2017,botox,10
Malaysia,MY,2017,botox,10
Belize,BZ,2017,botox,9
Suriname,SR,2017,botox,9
Réunion,FR,2017,botox,9
Jamaica,JM,2017,botox,9
Italy,IT,2017,botox,9
Myanmar (Burma),MM,2017,botox,9
Moldova,MD,2017,botox,9
Pakistan,PK,2017,botox,8
Philippines,PH,2017,botox,8
Mongolia,MN,2017,botox,8
Serbia,RS,2017,botox,8
Nepal,NP,2017,botox,8
Azerbaijan,AZ,2017,botox,8
Bosnia & Herzegovina,BA,2017,botox,7
Latvia,LV,2017,botox,7
Armenia,AM,2017,botox,7
Cambodia,KH,2017,botox,7
Laos,LA,2017,botox,7
Martinique,MQ,2017,botox,7
Zambia,ZM,2017,botox,6
Iraq,IQ,2017,botox,6
Afghanistan,AF,2017,botox,6
Mozambique,MZ,2017,botox,6
India,IN,2017,botox,6
Saudi Arabia,SA,2017,botox,6
Haiti,HT,2017,botox,6
Zimbabwe,ZW,2017,botox,6
Egypt,EG,2017,botox,6
Cameroon,CM,2017,botox,6
Madagascar,MG,2017,botox,5
Indonesia,ID,2017,botox,5
Rwanda,RW,2017,botox,5
Syria,SY,2017,botox,5
Sri Lanka,LK,2017,botox,5
South Korea,KR,2017,botox,5
Israel,IL,2017,botox,5
Burkina Faso,BF,2017,botox,5
Lithuania,LT,2017,botox,5
Kenya,KE,2017,botox,4
Georgia,GE,2017,botox,4
Libya,LY,2017,botox,4
Palestine,PS,2017,botox,4
Ghana,GH,2017,botox,4
Bulgaria,BG,2017,botox,4
Vietnam,VN,2017,botox,4
Sudan,SD,2017,botox,3
Côte d’Ivoire,CI,2017,botox,3
Ethiopia,ET,2017,botox,3
Uzbekistan,UZ,2017,botox,3
Senegal,SN,2017,botox,3
Nigeria,NG,2017,botox,3
Tanzania,TZ,2017,botox,3
Iran,IR,2017,botox,3
Bangladesh,BD,2017,botox,3
Uganda,UG,2017,botox,2
Taiwan,TW,2017,botox,2
Russia,RU,2017,botox,2
Ukraine,UA,2017,botox,2
Kazakhstan,KZ,2017,botox,2
Kyrgyzstan,KG,2017,botox,2
Belarus,BY,2017,botox,1
Yemen,YE,2017,botox,1
Japan,JP,2017,botox,1
Brazil,BR,2018,botox,100
Jersey,JE,2018,botox,62
Cayman Islands,KY,2018,botox,61
Ireland,IE,2018,botox,54
Gibraltar,GI,2018,botox,54
Guernsey,GG,2018,botox,50
Australia,AU,2018,botox,49
Norway,NO,2018,botox,47
United Kingdom,GB,2018,botox,46
Sweden,SE,2018,botox,45
Paraguay,PY,2018,botox,45
Puerto Rico,PR,2018,botox,43
Lebanon,LB,2018,botox,43
Åland Islands,AX,2018,botox,43
Monaco,MC,2018,botox,42
Isle of Man,IM,2018,botox,41
Denmark,DK,2018,botox,40
Chile,CL,2018,botox,40
Bermuda,BM,2018,botox,39
Netherlands,NL,2018,botox,39
Canada,CA,2018,botox,38
Aruba,AW,2018,botox,38
United States,US,2018,botox,37
United Arab Emirates,AE,2018,botox,37
Cuba,CU,2018,botox,34
Namibia,NA,2018,botox,34
Peru,PE,2018,botox,33
Antigua & Barbuda,AG,2018,botox,33
Curaçao,CW,2018,botox,33
Malta,MT,2018,botox,33
Argentina,AR,2018,botox,32
New Zealand,NZ,2018,botox,32
Liechtenstein,LI,2018,botox,31
Costa Rica,CR,2018,botox,31
St. Helena,GB,2018,botox,30
Belgium,BE,2018,botox,27
Cyprus,CY,2018,botox,26
Panama,PA,2018,botox,26
Luxembourg,LU,2018,botox,26
South Africa,ZA,2018,botox,26
Uruguay,UY,2018,botox,25
Switzerland,CH,2018,botox,24
Tunisia,TN,2018,botox,23
Austria,AT,2018,botox,23
Ecuador,EC,2018,botox,23
Dominican Republic,DO,2018,botox,23
U.S. Virgin Islands,US,2018,botox,22
Iceland,IS,2018,botox,22
Germany,DE,2018,botox,22
Spain,ES,2018,botox,22
Mexico,MX,2018,botox,22
Guam,GU,2018,botox,22
Bahrain,BH,2018,botox,21
Qatar,QA,2018,botox,21
Colombia,CO,2018,botox,20
Nicaragua,NI,2018,botox,20
Andorra,AD,2018,botox,20
Bolivia,BO,2018,botox,20
Poland,PL,2018,botox,20
Hong Kong,HK,2018,botox,20
Singapore,SG,2018,botox,19
Czechia,CZ,2018,botox,19
Slovakia,SK,2018,botox,18
Estonia,EE,2018,botox,18
Barbados,BB,2018,botox,18
Greece,GR,2018,botox,18
Portugal,PT,2018,botox,17
Romania,RO,2018,botox,17
France,FR,2018,botox,16
El Salvador,SV,2018,botox,16
Suriname,SR,2018,botox,16
Hungary,HU,2018,botox,15
Morocco,MA,2018,botox,15
Brunei,BN,2018,botox,15
Finland,FI,2018,botox,14
French Guiana,GF,2018,botox,14
Kuwait,KW,2018,botox,14
Guadeloupe,GP,2018,botox,14
Honduras,HN,2018,botox,14
Montenegro,ME,2018,botox,14
Jordan,JO,2018,botox,14
Bhutan,BT,2018,botox,14
Cape Verde,CV,2018,botox,14
Algeria,DZ,2018,botox,14
Guatemala,GT,2018,botox,13
Maldives,MV,2018,botox,13
Croatia,HR,2018,botox,13
Albania,AL,2018,botox,13
Eswatini,SZ,2018,botox,13
Guyana,GY,2018,botox,13
Réunion,FR,2018,botox,13
North Macedonia,MK,2018,botox,12
Thailand,TH,2018,botox,12
Türkiye,TR,2018,botox,12
Trinidad & Tobago,TT,2018,botox,12
Macao,MO,2018,botox,12
Angola,AO,2018,botox,12
Moldova,MD,2018,botox,12
Fiji,FJ,2018,botox,12
Kosovo,XK,2018,botox,11
Myanmar (Burma),MM,2018,botox,11
Belize,BZ,2018,botox,11
New Caledonia,NC,2018,botox,11
Jamaica,JM,2018,botox,11
Mauritius,MU,2018,botox,10
Azerbaijan,AZ,2018,botox,10
Oman,OM,2018,botox,10
Venezuela,VE,2018,botox,10
Haiti,HT,2018,botox,10
Bahamas,BS,2018,botox,10
Martinique,MQ,2018,botox,9
French Polynesia,PF,2018,botox,9
Malaysia,MY,2018,botox,9
Slovenia,SI,2018,botox,9
Philippines,PH,2018,botox,9
Italy,IT,2018,botox,9
Bosnia & Herzegovina,BA,2018,botox,9
Botswana,BW,2018,botox,9
Pakistan,PK,2018,botox,9
Nepal,NP,2018,botox,9
Malawi,MW,2018,botox,9
Laos,LA,2018,botox,8
China,CN,2018,botox,8
Serbia,RS,2018,botox,8
Iraq,IQ,2018,botox,8
Latvia,LV,2018,botox,8
Armenia,AM,2018,botox,8
Cambodia,KH,2018,botox,8
Palestine,PS,2018,botox,7
Egypt,EG,2018,botox,7
Afghanistan,AF,2018,botox,7
Mozambique,MZ,2018,botox,7
Mongolia,MN,2018,botox,6
Lithuania,LT,2018,botox,6
Saudi Arabia,SA,2018,botox,6
Somalia,SO,2018,botox,6
Syria,SY,2018,botox,6
Indonesia,ID,2018,botox,6
Libya,LY,2018,botox,6
Zimbabwe,ZW,2018,botox,6
Kenya,KE,2018,botox,5
Georgia,GE,2018,botox,5
India,IN,2018,botox,5
Vietnam,VN,2018,botox,5
Sri Lanka,LK,2018,botox,5
South Korea,KR,2018,botox,5
Israel,IL,2018,botox,5
Madagascar,MG,2018,botox,5
Cameroon,CM,2018,botox,5
Ghana,GH,2018,botox,4
Bangladesh,BD,2018,botox,4
Zambia,ZM,2018,botox,4
Bulgaria,BG,2018,botox,4
Senegal,SN,2018,botox,4
Tanzania,TZ,2018,botox,4
Côte d’Ivoire,CI,2018,botox,3
Sudan,SD,2018,botox,3
Uzbekistan,UZ,2018,botox,3
Ukraine,UA,2018,botox,3
Nigeria,NG,2018,botox,3
Uganda,UG,2018,botox,3
Kazakhstan,KZ,2018,botox,3
Ethiopia,ET,2018,botox,3
Russia,RU,2018,botox,2
Congo - Kinshasa,CD,2018,botox,2
Belarus,BY,2018,botox,2
Taiwan,TW,2018,botox,2
Iran,IR,2018,botox,2
Kyrgyzstan,KG,2018,botox,2
Japan,JP,2018,botox,1
Brazil,BR,2019,botox,100
Cayman Islands,KY,2019,botox,72
Ireland,IE,2019,botox,55
Jersey,JE,2019,botox,55
Gibraltar,GI,2019,botox,53
Isle of Man,IM,2019,botox,52
Sweden,SE,2019,botox,49
United Kingdom,GB,2019,botox,49
Lebanon,LB,2019,botox,49
Australia,AU,2019,botox,49
Antigua & Barbuda,AG,2019,botox,46
Norway,NO,2019,botox,46
Canada,CA,2019,botox,46
Cuba,CU,2019,botox,43
Faroe Islands,FO,2019,botox,42
Netherlands,NL,2019,botox,42
Puerto Rico,PR,2019,botox,42
Bermuda,BM,2019,botox,42
Paraguay,PY,2019,botox,42
United States,US,2019,botox,41
Denmark,DK,2019,botox,41
Guernsey,GG,2019,botox,40
United Arab Emirates,AE,2019,botox,38
Chile,CL,2019,botox,38
Peru,PE,2019,botox,37
Åland Islands,AX,2019,botox,37
St. Kitts & Nevis,KN,2019,botox,36
Malta,MT,2019,botox,35
Costa Rica,CR,2019,botox,34
New Zealand,NZ,2019,botox,34
South Africa,ZA,2019,botox,33
Sint Maarten,NL,2019,botox,33
Argentina,AR,2019,botox,33
Cyprus,CY,2019,botox,33
Panama,PA,2019,botox,31
Andorra,AD,2019,botox,31
Namibia,NA,2019,botox,30
Uruguay,UY,2019,botox,30
Belgium,BE,2019,botox,30
Aruba,AW,2019,botox,29
San Marino,SM,2019,botox,28
New Caledonia,NC,2019,botox,28
Guam,GU,2019,botox,28
Austria,AT,2019,botox,28
Switzerland,CH,2019,botox,27
Luxembourg,LU,2019,botox,27
Dominican Republic,DO,2019,botox,26
Iceland,IS,2019,botox,25
St. Helena,GB,2019,botox,25
Germany,DE,2019,botox,25
Qatar,QA,2019,botox,24
Portugal,PT,2019,botox,24
Spain,ES,2019,botox,24
Bahrain,BH,2019,botox,24
Singapore,SG,2019,botox,24
St. Lucia,LC,2019,botox,24
Tunisia,TN,2019,botox,23
Ecuador,EC,2019,botox,23
Mexico,MX,2019,botox,23
Albania,AL,2019,botox,23
Curaçao,CW,2019,botox,23
Nicaragua,NI,2019,botox,22
Colombia,CO,2019,botox,22
Bolivia,BO,2019,botox,21
French Polynesia,PF,2019,botox,20
Maldives,MV,2019,botox,19
Greece,GR,2019,botox,19
Slovakia,SK,2019,botox,19
France,FR,2019,botox,19
Honduras,HN,2019,botox,18
Belize,BZ,2019,botox,18
Guatemala,GT,2019,botox,18
Czechia,CZ,2019,botox,18
Poland,PL,2019,botox,18
Laos,LA,2019,botox,18
Barbados,BB,2019,botox,18
Bahamas,BS,2019,botox,18
El Salvador,SV,2019,botox,18
Angola,AO,2019,botox,17
Romania,RO,2019,botox,17
Hong Kong,HK,2019,botox,17
Kuwait,KW,2019,botox,17
Morocco,MA,2019,botox,16
Estonia,EE,2019,botox,16
Azerbaijan,AZ,2019,botox,16
Trinidad & Tobago,TT,2019,botox,16
Algeria,DZ,2019,botox,16
Türkiye,TR,2019,botox,16
Hungary,HU,2019,botox,15
Cape Verde,CV,2019,botox,15
Finland,FI,2019,botox,15
Réunion,FR,2019,botox,15
Thailand,TH,2019,botox,15
Kosovo,XK,2019,botox,15
Mongolia,MN,2019,botox,15
Montenegro,ME,2019,botox,15
Brunei,BN,2019,botox,15
Suriname,SR,2019,botox,15
Macao,MO,2019,botox,15
Croatia,HR,2019,botox,14
Moldova,MD,2019,botox,14
Bhutan,BT,2019,botox,14
Guadeloupe,GP,2019,botox,14
Jordan,JO,2019,botox,13
North Macedonia,MK,2019,botox,13
Venezuela,VE,2019,botox,13
Myanmar (Burma),MM,2019,botox,13
Botswana,BW,2019,botox,13
Martinique,MQ,2019,botox,13
Mauritius,MU,2019,botox,12
Oman,OM,2019,botox,12
Haiti,HT,2019,botox,12
Slovenia,SI,2019,botox,12
Cambodia,KH,2019,botox,12
Vietnam,VN,2019,botox,11
Nepal,NP,2019,botox,11
Jamaica,JM,2019,botox,11
Malaysia,MY,2019,botox,11
Guyana,GY,2019,botox,11
Serbia,RS,2019,botox,11
Philippines,PH,2019,botox,11
Bosnia & Herzegovina,BA,2019,botox,11
Pakistan,PK,2019,botox,10
Italy,IT,2019,botox,10
Iraq,IQ,2019,botox,10
Gabon,GA,2019,botox,10
Malawi,MW,2019,botox,10
Palestine,PS,2019,botox,9
Armenia,AM,2019,botox,9
Afghanistan,AF,2019,botox,9
French Guiana,GF,2019,botox,9
Niger,NE,2019,botox,9
Egypt,EG,2019,botox,9
Latvia,LV,2019,botox,9
Somalia,SO,2019,botox,9
Fiji,FJ,2019,botox,9
Cameroon,CM,2019,botox,8
Indonesia,ID,2019,botox,8
Madagascar,MG,2019,botox,8
Zimbabwe,ZW,2019,botox,8
China,CN,2019,botox,8
Saudi Arabia,SA,2019,botox,7
Lithuania,LT,2019,botox,7
Ghana,GH,2019,botox,7
Georgia,GE,2019,botox,7
Syria,SY,2019,botox,7
Zambia,ZM,2019,botox,6
Mozambique,MZ,2019,botox,6
Kenya,KE,2019,botox,6
Sri Lanka,LK,2019,botox,6
South Korea,KR,2019,botox,6
Senegal,SN,2019,botox,6
India,IN,2019,botox,6
Bangladesh,BD,2019,botox,6
Côte d’Ivoire,CI,2019,botox,5
Israel,IL,2019,botox,5
Ethiopia,ET,2019,botox,5
Mali,ML,2019,botox,5
Benin,BJ,2019,botox,5
Sudan,SD,2019,botox,5
Tanzania,TZ,2019,botox,4
Libya,LY,2019,botox,4
Bulgaria,BG,2019,botox,4
Uganda,UG,2019,botox,4
Rwanda,RW,2019,botox,4
Nigeria,NG,2019,botox,4
Taiwan,TW,2019,botox,4
Congo - Kinshasa,CD,2019,botox,3
Belarus,BY,2019,botox,3
Ukraine,UA,2019,botox,3
Russia,RU,2019,botox,3
Uzbekistan,UZ,2019,botox,3
Kazakhstan,KZ,2019,botox,3
Kyrgyzstan,KG,2019,botox,3
Iran,IR,2019,botox,2
Yemen,YE,2019,botox,2
Japan,JP,2019,botox,1
Brazil,BR,2020,botox,100
Gibraltar,GI,2020,botox,80
Sweden,SE,2020,botox,56
Jersey,JE,2020,botox,55
Cayman Islands,KY,2020,botox,55
Ireland,IE,2020,botox,54
Guernsey,GG,2020,botox,51
Australia,AU,2020,botox,48
Canada,CA,2020,botox,45
United Kingdom,GB,2020,botox,45
St. Helena,GB,2020,botox,45
Isle of Man,IM,2020,botox,43
United States,US,2020,botox,42
Chile,CL,2020,botox,42
Lebanon,LB,2020,botox,41
Norway,NO,2020,botox,40
Paraguay,PY,2020,botox,40
Denmark,DK,2020,botox,40
Netherlands,NL,2020,botox,39
New Zealand,NZ,2020,botox,39
Puerto Rico,PR,2020,botox,38
New Caledonia,NC,2020,botox,37
Malta,MT,2020,botox,36
Uruguay,UY,2020,botox,35
Antigua & Barbuda,AG,2020,botox,35
British Virgin Islands,GB,2020,botox,34
United Arab Emirates,AE,2020,botox,33
Andorra,AD,2020,botox,33
Åland Islands,AX,2020,botox,33
Costa Rica,CR,2020,botox,33
Aruba,AW,2020,botox,32
Cuba,CU,2020,botox,31
Liechtenstein,LI,2020,botox,30
Faroe Islands,FO,2020,botox,29
Cyprus,CY,2020,botox,29
Argentina,AR,2020,botox,28
Luxembourg,LU,2020,botox,28
South Africa,ZA,2020,botox,27
Belgium,BE,2020,botox,27
Portugal,PT,2020,botox,26
Switzerland,CH,2020,botox,26
Spain,ES,2020,botox,26
Dominican Republic,DO,2020,botox,26
Laos,LA,2020,botox,25
Panama,PA,2020,botox,25
Sint Maarten,NL,2020,botox,25
Peru,PE,2020,botox,24
Iceland,IS,2020,botox,24
Austria,AT,2020,botox,24
Bermuda,BM,2020,botox,24
Germany,DE,2020,botox,24
San Marino,SM,2020,botox,23
U.S. Virgin Islands,US,2020,botox,22
Curaçao,CW,2020,botox,22
Albania,AL,2020,botox,22
Mexico,MX,2020,botox,21
Namibia,NA,2020,botox,21
Tunisia,TN,2020,botox,21
French Guiana,GF,2020,botox,20
France,FR,2020,botox,20
Suriname,SR,2020,botox,20
Barbados,BB,2020,botox,20
Singapore,SG,2020,botox,19
Bahrain,BH,2020,botox,19
Qatar,QA,2020,botox,19
Czechia,CZ,2020,botox,19
Bolivia,BO,2020,botox,19
Colombia,CO,2020,botox,18
Nicaragua,NI,2020,botox,18
Slovakia,SK,2020,botox,18
Ecuador,EC,2020,botox,18
Guadeloupe,GP,2020,botox,17
Poland,PL,2020,botox,17
Guam,GU,2020,botox,17
Cape Verde,CV,2020,botox,16
Trinidad & Tobago,TT,2020,botox,16
Greece,GR,2020,botox,16
Algeria,DZ,2020,botox,15
Mongolia,MN,2020,botox,15
El Salvador,SV,2020,botox,15
Kosovo,XK,2020,botox,15
Bahamas,BS,2020,botox,15
Thailand,TH,2020,botox,14
Hong Kong,HK,2020,botox,14
Honduras,HN,2020,botox,14
Finland,FI,2020,botox,14
Romania,RO,2020,botox,14
Guatemala,GT,2020,botox,14
Azerbaijan,AZ,2020,botox,14
Angola,AO,2020,botox,14
Gambia,GM,2020,botox,14
Kuwait,KW,2020,botox,14
Vietnam,VN,2020,botox,14
Maldives,MV,2020,botox,14
Morocco,MA,2020,botox,14
Estonia,EE,2020,botox,14
French Polynesia,PF,2020,botox,14
Réunion,FR,2020,botox,14
Hungary,HU,2020,botox,13
Türkiye,TR,2020,botox,13
Guyana,GY,2020,botox,13
Venezuela,VE,2020,botox,13
Moldova,MD,2020,botox,12
St. Lucia,LC,2020,botox,12
Montenegro,ME,2020,botox,12
North Macedonia,MK,2020,botox,12
Croatia,HR,2020,botox,12
Jordan,JO,2020,botox,12
Belize,BZ,2020,botox,12
Macao,MO,2020,botox,12
Mauritius,MU,2020,botox,12
Brunei,BN,2020,botox,11
Bosnia & Herzegovina,BA,2020,botox,11
Cambodia,KH,2020,botox,11
Jamaica,JM,2020,botox,11
Madagascar,MG,2020,botox,11
Pakistan,PK,2020,botox,11
Serbia,RS,2020,botox,11
Bhutan,BT,2020,botox,11
Palestine,PS,2020,botox,11
Armenia,AM,2020,botox,11
Martinique,MQ,2020,botox,10
Slovenia,SI,2020,botox,10
Latvia,LV,2020,botox,10
Malaysia,MY,2020,botox,9
Nepal,NP,2020,botox,9
Myanmar (Burma),MM,2020,botox,9
Italy,IT,2020,botox,9
Iraq,IQ,2020,botox,9
Botswana,BW,2020,botox,9
Philippines,PH,2020,botox,8
Oman,OM,2020,botox,8
Georgia,GE,2020,botox,8
Zimbabwe,ZW,2020,botox,8
Ghana,GH,2020,botox,7
Malawi,MW,2020,botox,7
Fiji,FJ,2020,botox,7
Kenya,KE,2020,botox,7
Egypt,EG,2020,botox,7
Mozambique,MZ,2020,botox,6
Libya,LY,2020,botox,6
Papua New Guinea,PG,2020,botox,6
Haiti,HT,2020,botox,6
Sri Lanka,LK,2020,botox,6
Indonesia,ID,2020,botox,6
Bangladesh,BD,2020,botox,6
China,CN,2020,botox,6
Gabon,GA,2020,botox,6
Saudi Arabia,SA,2020,botox,6
Syria,SY,2020,botox,6
South Korea,KR,2020,botox,6
Afghanistan,AF,2020,botox,5
Rwanda,RW,2020,botox,5
Côte d’Ivoire,CI,2020,botox,5
India,IN,2020,botox,5
Zambia,ZM,2020,botox,5
Cameroon,CM,2020,botox,5
Israel,IL,2020,botox,5
Senegal,SN,2020,botox,5
Taiwan,TW,2020,botox,5
Ethiopia,ET,2020,botox,4
Lithuania,LT,2020,botox,4
Bulgaria,BG,2020,botox,4
Benin,BJ,2020,botox,4
Nigeria,NG,2020,botox,4
Sudan,SD,2020,botox,4
Congo - Kinshasa,CD,2020,botox,4
Uganda,UG,2020,botox,3
Yemen,YE,2020,botox,3
Tanzania,TZ,2020,botox,3
Russia,RU,2020,botox,3
Ukraine,UA,2020,botox,2
Belarus,BY,2020,botox,2
Uzbekistan,UZ,2020,botox,2
Kazakhstan,KZ,2020,botox,2
Iran,IR,2020,botox,2
Kyrgyzstan,KG,2020,botox,2
Japan,JP,2020,botox,1
Brazil,BR,2021,botox,100
Gibraltar,GI,2021,botox,91
Jersey,JE,2021,botox,89
Ireland,IE,2021,botox,73
Cayman Islands,KY,2021,botox,72
Isle of Man,IM,2021,botox,62
United Kingdom,GB,2021,botox,62
Sweden,SE,2021,botox,61
Lebanon,LB,2021,botox,58
Australia,AU,2021,botox,57
Canada,CA,2021,botox,57
Guernsey,GG,2021,botox,57
United States,US,2021,botox,56
Caribbean Netherlands,NL,2021,botox,56
Aruba,AW,2021,botox,56
Bermuda,BM,2021,botox,54
Netherlands,NL,2021,botox,52
Curaçao,CW,2021,botox,51
New Zealand,NZ,2021,botox,49
Norway,NO,2021,botox,47
Malta,MT,2021,botox,46
Puerto Rico,PR,2021,botox,46
Chile,CL,2021,botox,46
Paraguay,PY,2021,botox,44
United Arab Emirates,AE,2021,botox,43
Uruguay,UY,2021,botox,43
British Virgin Islands,GB,2021,botox,42
Denmark,DK,2021,botox,41
Costa Rica,CR,2021,botox,40
Turks & Caicos Islands,GB,2021,botox,40
Cyprus,CY,2021,botox,38
Antigua & Barbuda,AG,2021,botox,38
Albania,AL,2021,botox,38
Sint Maarten,NL,2021,botox,37
Belgium,BE,2021,botox,35
St. Helena,GB,2021,botox,35
Luxembourg,LU,2021,botox,34
Peru,PE,2021,botox,34
Spain,ES,2021,botox,34
Liechtenstein,LI,2021,botox,33
Switzerland,CH,2021,botox,33
South Africa,ZA,2021,botox,32
Portugal,PT,2021,botox,32
Iceland,IS,2021,botox,31
Austria,AT,2021,botox,30
Argentina,AR,2021,botox,29
Cuba,CU,2021,botox,29
Andorra,AD,2021,botox,29
Dominican Republic,DO,2021,botox,29
Germany,DE,2021,botox,29
Panama,PA,2021,botox,29
Mexico,MX,2021,botox,28
Colombia,CO,2021,botox,27
Guam,GU,2021,botox,26
Bahrain,BH,2021,botox,26
Singapore,SG,2021,botox,25
U.S. Virgin Islands,US,2021,botox,25
Qatar,QA,2021,botox,25
Faroe Islands,FO,2021,botox,25
San Marino,SM,2021,botox,25
Kosovo,XK,2021,botox,24
Namibia,NA,2021,botox,24
France,FR,2021,botox,24
Ecuador,EC,2021,botox,24
New Caledonia,NC,2021,botox,24
El Salvador,SV,2021,botox,23
Barbados,BB,2021,botox,23
Grenada,GD,2021,botox,23
Bolivia,BO,2021,botox,23
Greece,GR,2021,botox,23
Guyana,GY,2021,botox,22
Bahamas,BS,2021,botox,22
Azerbaijan,AZ,2021,botox,22
Nicaragua,NI,2021,botox,21
Maldives,MV,2021,botox,21
Réunion,FR,2021,botox,21
Slovakia,SK,2021,botox,21
Mongolia,MN,2021,botox,21
Poland,PL,2021,botox,20
Tunisia,TN,2021,botox,20
Czechia,CZ,2021,botox,20
Romania,RO,2021,botox,19
Finland,FI,2021,botox,19
Kuwait,KW,2021,botox,19
Madagascar,MG,2021,botox,19
Venezuela,VE,2021,botox,19
Suriname,SR,2021,botox,18
Croatia,HR,2021,botox,18
Honduras,HN,2021,botox,18
Guadeloupe,GP,2021,botox,18
Estonia,EE,2021,botox,18
Guatemala,GT,2021,botox,18
Morocco,MA,2021,botox,18
Palestine,PS,2021,botox,18
Hungary,HU,2021,botox,18
Angola,AO,2021,botox,17
Hong Kong,HK,2021,botox,17
Trinidad & Tobago,TT,2021,botox,17
Laos,LA,2021,botox,17
Botswana,BW,2021,botox,16
Montenegro,ME,2021,botox,16
Afghanistan,AF,2021,botox,16
Cape Verde,CV,2021,botox,16
Bhutan,BT,2021,botox,16
Belize,BZ,2021,botox,16
Macao,MO,2021,botox,16
French Polynesia,PF,2021,botox,15
Jordan,JO,2021,botox,15
North Macedonia,MK,2021,botox,15
Türkiye,TR,2021,botox,15
Moldova,MD,2021,botox,15
Serbia,RS,2021,botox,14
Armenia,AM,2021,botox,14
Algeria,DZ,2021,botox,14
Thailand,TH,2021,botox,14
Bosnia & Herzegovina,BA,2021,botox,14
Pakistan,PK,2021,botox,14
Nepal,NP,2021,botox,13
Oman,OM,2021,botox,13
Haiti,HT,2021,botox,13
Martinique,MQ,2021,botox,13
Italy,IT,2021,botox,13
Jamaica,JM,2021,botox,12
Vietnam,VN,2021,botox,12
Slovenia,SI,2021,botox,12
Mauritius,MU,2021,botox,12
Philippines,PH,2021,botox,12
Lesotho,LS,2021,botox,12
Libya,LY,2021,botox,12
Georgia,GE,2021,botox,12
Iraq,IQ,2021,botox,12
Eswatini,SZ,2021,botox,12
St. Lucia,LC,2021,botox,11
Cambodia,KH,2021,botox,11
Brunei,BN,2021,botox,11
Mauritania,MR,2021,botox,10
Togo,TG,2021,botox,10
Mozambique,MZ,2021,botox,10
Fiji,FJ,2021,botox,10
Gabon,GA,2021,botox,10
Zimbabwe,ZW,2021,botox,10
Latvia,LV,2021,botox,10
Sudan,SD,2021,botox,10
Myanmar (Burma),MM,2021,botox,9
Yemen,YE,2021,botox,9
Bangladesh,BD,2021,botox,8
Syria,SY,2021,botox,8
Somalia,SO,2021,botox,8
Ghana,GH,2021,botox,8
Malaysia,MY,2021,botox,8
Egypt,EG,2021,botox,8
Cameroon,CM,2021,botox,8
Indonesia,ID,2021,botox,7
Sri Lanka,LK,2021,botox,7
Kenya,KE,2021,botox,7
Lithuania,LT,2021,botox,7
South Korea,KR,2021,botox,7
Ethiopia,ET,2021,botox,7
Côte d’Ivoire,CI,2021,botox,7
India,IN,2021,botox,7
Saudi Arabia,SA,2021,botox,7
Niger,NE,2021,botox,7
Senegal,SN,2021,botox,7
China,CN,2021,botox,6
Israel,IL,2021,botox,6
Rwanda,RW,2021,botox,5
Zambia,ZM,2021,botox,5
Bulgaria,BG,2021,botox,5
Tanzania,TZ,2021,botox,5
Malawi,MW,2021,botox,5
Nigeria,NG,2021,botox,5
Benin,BJ,2021,botox,5
Taiwan,TW,2021,botox,4
Uganda,UG,2021,botox,4
Tajikistan,TJ,2021,botox,3
Congo - Kinshasa,CD,2021,botox,3
Burkina Faso,BF,2021,botox,3
Ukraine,UA,2021,botox,3
Russia,RU,2021,botox,3
Uzbekistan,UZ,2021,botox,3
Kyrgyzstan,KG,2021,botox,2
Iran,IR,2021,botox,2
Kazakhstan,KZ,2021,botox,2
Belarus,BY,2021,botox,2
Japan,JP,2021,botox,1
Gibraltar,GI,2022,botox,100
Brazil,BR,2022,botox,97
Ireland,IE,2022,botox,89
Jersey,JE,2022,botox,85
Cayman Islands,KY,2022,botox,67
United Kingdom,GB,2022,botox,67
Bermuda,BM,2022,botox,61
United States,US,2022,botox,61
Lebanon,LB,2022,botox,60
Canada,CA,2022,botox,60
Australia,AU,2022,botox,60
Malta,MT,2022,botox,60
Isle of Man,IM,2022,botox,57
Caribbean Netherlands,NL,2022,botox,57
Sweden,SE,2022,botox,55
Norway,NO,2022,botox,54
Netherlands,NL,2022,botox,52
Aruba,AW,2022,botox,52
Puerto Rico,PR,2022,botox,51
Liechtenstein,LI,2022,botox,50
New Caledonia,NC,2022,botox,49
Curaçao,CW,2022,botox,48
New Zealand,NZ,2022,botox,48
Paraguay,PY,2022,botox,47
Turks & Caicos Islands,GB,2022,botox,46
United Arab Emirates,AE,2022,botox,45
Chile,CL,2022,botox,44
Costa Rica,CR,2022,botox,44
Albania,AL,2022,botox,44
Guernsey,GG,2022,botox,41
Denmark,DK,2022,botox,40
Cyprus,CY,2022,botox,40
Uruguay,UY,2022,botox,40
Spain,ES,2022,botox,39
Luxembourg,LU,2022,botox,39
Portugal,PT,2022,botox,39
Cuba,CU,2022,botox,39
Germany,DE,2022,botox,38
Peru,PE,2022,botox,37
Andorra,AD,2022,botox,37
Switzerland,CH,2022,botox,36
Austria,AT,2022,botox,36
Belgium,BE,2022,botox,35
British Virgin Islands,GB,2022,botox,35
Iceland,IS,2022,botox,34
South Africa,ZA,2022,botox,33
St. Helena,GB,2022,botox,32
French Polynesia,PF,2022,botox,31
Singapore,SG,2022,botox,31
Kosovo,XK,2022,botox,31
Nicaragua,NI,2022,botox,30
Madagascar,MG,2022,botox,30
Argentina,AR,2022,botox,29
Panama,PA,2022,botox,29
Mexico,MX,2022,botox,29
U.S. Virgin Islands,US,2022,botox,28
Ecuador,EC,2022,botox,28
Seychelles,SC,2022,botox,28
Colombia,CO,2022,botox,28
Dominican Republic,DO,2022,botox,28
Sint Maarten,NL,2022,botox,27
Faroe Islands,FO,2022,botox,27
Guinea-Bissau,GW,2022,botox,27
Qatar,QA,2022,botox,27
Greece,GR,2022,botox,26
Czechia,CZ,2022,botox,26
Antigua & Barbuda,AG,2022,botox,26
Bahrain,BH,2022,botox,26
Cape Verde,CV,2022,botox,25
France,FR,2022,botox,25
St. Kitts & Nevis,KN,2022,botox,25
El Salvador,SV,2022,botox,25
Barbados,BB,2022,botox,25
Bahamas,BS,2022,botox,24
Guyana,GY,2022,botox,24
Namibia,NA,2022,botox,24
Maldives,MV,2022,botox,24
Guam,GU,2022,botox,23
Poland,PL,2022,botox,23
Grenada,GD,2022,botox,23
Bolivia,BO,2022,botox,23
Slovakia,SK,2022,botox,23
Kuwait,KW,2022,botox,23
Romania,RO,2022,botox,22
St. Lucia,LC,2022,botox,22
Angola,AO,2022,botox,21
Réunion,FR,2022,botox,21
Hungary,HU,2022,botox,21
Suriname,SR,2022,botox,20
Honduras,HN,2022,botox,20
Trinidad & Tobago,TT,2022,botox,20
Philippines,PH,2022,botox,20
Montenegro,ME,2022,botox,19
Azerbaijan,AZ,2022,botox,19
Estonia,EE,2022,botox,19
Finland,FI,2022,botox,19
North Macedonia,MK,2022,botox,19
Tunisia,TN,2022,botox,19
Guatemala,GT,2022,botox,19
Croatia,HR,2022,botox,19
Thailand,TH,2022,botox,19
Venezuela,VE,2022,botox,19
Guadeloupe,GP,2022,botox,18
St. Barthélemy,FR,2022,botox,18
Mauritius,MU,2022,botox,18
Belize,BZ,2022,botox,18
Türkiye,TR,2022,botox,18
Algeria,DZ,2022,botox,16
French Guiana,GF,2022,botox,15
Serbia,RS,2022,botox,15
Pakistan,PK,2022,botox,15
Armenia,AM,2022,botox,15
Brunei,BN,2022,botox,15
Jordan,JO,2022,botox,15
St. Vincent & Grenadines,VC,2022,botox,15
Mongolia,MN,2022,botox,15
Iraq,IQ,2022,botox,15
Martinique,MQ,2022,botox,15
Moldova,MD,2022,botox,15
Morocco,MA,2022,botox,15
Italy,IT,2022,botox,15
Hong Kong,HK,2022,botox,15
Laos,LA,2022,botox,14
Bosnia & Herzegovina,BA,2022,botox,14
Jamaica,JM,2022,botox,14
Botswana,BW,2022,botox,13
Latvia,LV,2022,botox,13
Slovenia,SI,2022,botox,13
Bhutan,BT,2022,botox,12
Oman,OM,2022,botox,12
Nepal,NP,2022,botox,12
Mozambique,MZ,2022,botox,12
Western Sahara,EH,2022,botox,11
Macao,MO,2022,botox,11
Gambia,GM,2022,botox,11
Vietnam,VN,2022,botox,11
India,IN,2022,botox,11
Georgia,GE,2022,botox,11
Palestine,PS,2022,botox,10
Cambodia,KH,2022,botox,10
Ethiopia,ET,2022,botox,10
Lithuania,LT,2022,botox,10
Indonesia,ID,2022,botox,9
Ghana,GH,2022,botox,9
Kenya,KE,2022,botox,9
Cameroon,CM,2022,botox,9
Myanmar (Burma),MM,2022,botox,8
Syria,SY,2022,botox,8
Malaysia,MY,2022,botox,8
Fiji,FJ,2022,botox,8
Saudi Arabia,SA,2022,botox,7
Egypt,EG,2022,botox,7
Libya,LY,2022,botox,7
Israel,IL,2022,botox,7
Gabon,GA,2022,botox,7
Haiti,HT,2022,botox,7
Papua New Guinea,PG,2022,botox,7
China,CN,2022,botox,7
Côte d’Ivoire,CI,2022,botox,7
Bangladesh,BD,2022,botox,7
Congo - Brazzaville,CG,2022,botox,7
Sri Lanka,LK,2022,botox,7
Nigeria,NG,2022,botox,6
South Korea,KR,2022,botox,6
Zimbabwe,ZW,2022,botox,6
Afghanistan,AF,2022,botox,6
Sudan,SD,2022,botox,5
Mauritania,MR,2022,botox,5
Somalia,SO,2022,botox,5
Bulgaria,BG,2022,botox,5
Rwanda,RW,2022,botox,5
Senegal,SN,2022,botox,5
Niger,NE,2022,botox,5
Tanzania,TZ,2022,botox,5
Zambia,ZM,2022,botox,5
Malawi,MW,2022,botox,5
Uganda,UG,2022,botox,4
Sierra Leone,SL,2022,botox,4
Taiwan,TW,2022,botox,4
Benin,BJ,2022,botox,4
Congo - Kinshasa,CD,2022,botox,4
Togo,TG,2022,botox,3
Uzbekistan,UZ,2022,botox,3
Yemen,YE,2022,botox,3
Russia,RU,2022,botox,3
Ukraine,UA,2022,botox,3
Iran,IR,2022,botox,2
Mali,ML,2022,botox,2
Turkmenistan,TM,2022,botox,2
Kyrgyzstan,KG,2022,botox,2
Belarus,BY,2022,botox,2
Kazakhstan,KZ,2022,botox,2
Japan,JP,2022,botox,1
Gibraltar,GI,2023,botox,100
Brazil,BR,2023,botox,82
Ireland,IE,2023,botox,77
Jersey,JE,2023,botox,69
Isle of Man,IM,2023,botox,68
Cayman Islands,KY,2023,botox,67
Malta,MT,2023,botox,61
United Kingdom,GB,2023,botox,59
St. Helena,GB,2023,botox,59
Australia,AU,2023,botox,58
Canada,CA,2023,botox,56
Lebanon,LB,2023,botox,53
Guernsey,GG,2023,botox,53
United States,US,2023,botox,52
Norway,NO,2023,botox,50
Sweden,SE,2023,botox,50
Netherlands,NL,2023,botox,47
Curaçao,CW,2023,botox,45
Puerto Rico,PR,2023,botox,45
New Zealand,NZ,2023,botox,43
Cuba,CU,2023,botox,43
New Caledonia,NC,2023,botox,43
Bermuda,BM,2023,botox,41
Turks & Caicos Islands,GB,2023,botox,41
Denmark,DK,2023,botox,40
Albania,AL,2023,botox,40
Chile,CL,2023,botox,39
Costa Rica,CR,2023,botox,39
Cyprus,CY,2023,botox,38
United Arab Emirates,AE,2023,botox,37
Paraguay,PY,2023,botox,37
Caribbean Netherlands,NL,2023,botox,36
Switzerland,CH,2023,botox,35
Uruguay,UY,2023,botox,35
U.S. Virgin Islands,US,2023,botox,35
Luxembourg,LU,2023,botox,34
St. Martin,FR,2023,botox,34
Kosovo,XK,2023,botox,34
Aruba,AW,2023,botox,34
Seychelles,SC,2023,botox,34
Faroe Islands,FO,2023,botox,33
Spain,ES,2023,botox,33
Germany,DE,2023,botox,33
Austria,AT,2023,botox,33
Belgium,BE,2023,botox,32
Åland Islands,AX,2023,botox,32
Portugal,PT,2023,botox,31
South Africa,ZA,2023,botox,31
Iceland,IS,2023,botox,30
Peru,PE,2023,botox,30
Cape Verde,CV,2023,botox,30
Guam,GU,2023,botox,30
Guyana,GY,2023,botox,30
Sint Maarten,NL,2023,botox,29
Singapore,SG,2023,botox,29
San Marino,SM,2023,botox,29
Qatar,QA,2023,botox,26
Greece,GR,2023,botox,26
Andorra,AD,2023,botox,26
St. Kitts & Nevis,KN,2023,botox,26
Argentina,AR,2023,botox,26
Nicaragua,NI,2023,botox,25
Dominican Republic,DO,2023,botox,25
Colombia,CO,2023,botox,24
Ecuador,EC,2023,botox,24
Liechtenstein,LI,2023,botox,24
Barbados,BB,2023,botox,24
El Salvador,SV,2023,botox,24
Bahrain,BH,2023,botox,24
Mexico,MX,2023,botox,23
Panama,PA,2023,botox,23
Greenland,GL,2023,botox,22
South Korea,KR,2023,botox,22
Hungary,HU,2023,botox,21
France,FR,2023,botox,21
Romania,RO,2023,botox,21
Czechia,CZ,2023,botox,21
Slovakia,SK,2023,botox,21
Bolivia,BO,2023,botox,20
Namibia,NA,2023,botox,20
Kuwait,KW,2023,botox,20
Antigua & Barbuda,AG,2023,botox,20
Philippines,PH,2023,botox,20
French Polynesia,PF,2023,botox,20
Réunion,FR,2023,botox,20
Belize,BZ,2023,botox,19
Bahamas,BS,2023,botox,19
Suriname,SR,2023,botox,19
Honduras,HN,2023,botox,19
Grenada,GD,2023,botox,19
Poland,PL,2023,botox,19
Finland,FI,2023,botox,18
Estonia,EE,2023,botox,17
Guatemala,GT,2023,botox,17
Thailand,TH,2023,botox,17
Croatia,HR,2023,botox,17
Montenegro,ME,2023,botox,17
St. Barthélemy,FR,2023,botox,17
Tunisia,TN,2023,botox,17
Trinidad & Tobago,TT,2023,botox,16
Maldives,MV,2023,botox,16
Bhutan,BT,2023,botox,16
North Macedonia,MK,2023,botox,16
Fiji,FJ,2023,botox,16
Azerbaijan,AZ,2023,botox,15
Martinique,MQ,2023,botox,15
St. Vincent & Grenadines,VC,2023,botox,15
Mauritius,MU,2023,botox,14
Hong Kong,HK,2023,botox,14
St. Lucia,LC,2023,botox,14
Palestine,PS,2023,botox,14
Bosnia & Herzegovina,BA,2023,botox,14
Italy,IT,2023,botox,14
Venezuela,VE,2023,botox,14
Madagascar,MG,2023,botox,14
Laos,LA,2023,botox,13
Guadeloupe,GP,2023,botox,13
Serbia,RS,2023,botox,13
Slovenia,SI,2023,botox,13
Brunei,BN,2023,botox,13
French Guiana,GF,2023,botox,13
Jordan,JO,2023,botox,13
Pakistan,PK,2023,botox,13
Vietnam,VN,2023,botox,13
Angola,AO,2023,botox,12
Türkiye,TR,2023,botox,12
Morocco,MA,2023,botox,12
India,IN,2023,botox,12
Iraq,IQ,2023,botox,12
Latvia,LV,2023,botox,12
Mongolia,MN,2023,botox,12
Moldova,MD,2023,botox,11
Oman,OM,2023,botox,11
Jamaica,JM,2023,botox,11
Georgia,GE,2023,botox,11
Armenia,AM,2023,botox,11
Algeria,DZ,2023,botox,10
Malaysia,MY,2023,botox,10
Cambodia,KH,2023,botox,9
Botswana,BW,2023,botox,9
Indonesia,ID,2023,botox,9
Myanmar (Burma),MM,2023,botox,9
Nepal,NP,2023,botox,9
Kenya,KE,2023,botox,9
Macao,MO,2023,botox,9
Lithuania,LT,2023,botox,8
China,CN,2023,botox,8
Zimbabwe,ZW,2023,botox,7
South Sudan,SS,2023,botox,7
Bulgaria,BG,2023,botox,7
Gambia,GM,2023,botox,7
Ethiopia,ET,2023,botox,6
Saudi Arabia,SA,2023,botox,6
Cameroon,CM,2023,botox,6
Haiti,HT,2023,botox,6
Ghana,GH,2023,botox,6
Libya,LY,2023,botox,6
Israel,IL,2023,botox,6
Egypt,EG,2023,botox,6
Syria,SY,2023,botox,6
Sri Lanka,LK,2023,botox,6
Nigeria,NG,2023,botox,5
Côte d’Ivoire,CI,2023,botox,5
Somalia,SO,2023,botox,5
Taiwan,TW,2023,botox,5
Malawi,MW,2023,botox,5
Mozambique,MZ,2023,botox,5
Togo,TG,2023,botox,5
Senegal,SN,2023,botox,4
Uganda,UG,2023,botox,4
Afghanistan,AF,2023,botox,4
Bangladesh,BD,2023,botox,4
Gabon,GA,2023,botox,4
Russia,RU,2023,botox,4
Zambia,ZM,2023,botox,4
Rwanda,RW,2023,botox,4
Tanzania,TZ,2023,botox,4
Congo - Brazzaville,CG,2023,botox,3
Benin,BJ,2023,botox,3
Papua New Guinea,PG,2023,botox,3
Sudan,SD,2023,botox,3
Turkmenistan,TM,2023,botox,3
Yemen,YE,2023,botox,3
Burkina Faso,BF,2023,botox,2
Congo - Kinshasa,CD,2023,botox,2
Ukraine,UA,2023,botox,2
Iran,IR,2023,botox,2
Uzbekistan,UZ,2023,botox,2
Mali,ML,2023,botox,2
Tajikistan,TJ,2023,botox,1
Kyrgyzstan,KG,2023,botox,1
Kazakhstan,KZ,2023,botox,1
Belarus,BY,2023,botox,1
Japan,JP,2023,botox,1
Cayman Islands,KY,2024,botox,100
Ireland,IE,2024,botox,92
Gibraltar,GI,2024,botox,88
Jersey,JE,2024,botox,86
Cuba,CU,2024,botox,81
Brazil,BR,2024,botox,80
Guernsey,GG,2024,botox,75
Caribbean Netherlands,NL,2024,botox,70
St. Helena,GB,2024,botox,69
United Kingdom,GB,2024,botox,68
Australia,AU,2024,botox,63
Malta,MT,2024,botox,61
Bermuda,BM,2024,botox,61
United States,US,2024,botox,60
Canada,CA,2024,botox,59
Netherlands,NL,2024,botox,59
Isle of Man,IM,2024,botox,58
Norway,NO,2024,botox,58
Sweden,SE,2024,botox,57
Albania,AL,2024,botox,54
Åland Islands,AX,2024,botox,53
Puerto Rico,PR,2024,botox,51
Lebanon,LB,2024,botox,49
Faroe Islands,FO,2024,botox,49
New Zealand,NZ,2024,botox,47
Denmark,DK,2024,botox,46
United Arab Emirates,AE,2024,botox,46
Curaçao,CW,2024,botox,46
Cyprus,CY,2024,botox,43
Aruba,AW,2024,botox,42
Switzerland,CH,2024,botox,42
Kosovo,XK,2024,botox,42
Chile,CL,2024,botox,42
Germany,DE,2024,botox,42
Iceland,IS,2024,botox,41
Austria,AT,2024,botox,39
Turks & Caicos Islands,GB,2024,botox,39
Luxembourg,LU,2024,botox,38
Guam,GU,2024,botox,37
Belgium,BE,2024,botox,37
Paraguay,PY,2024,botox,37
Northern Mariana Islands,MP,2024,botox,36
Costa Rica,CR,2024,botox,35
New Caledonia,NC,2024,botox,35
Andorra,AD,2024,botox,34
Liechtenstein,LI,2024,botox,33
St. Kitts & Nevis,KN,2024,botox,33
U.S. Virgin Islands,US,2024,botox,33
Portugal,PT,2024,botox,33
Antigua & Barbuda,AG,2024,botox,33
Qatar,QA,2024,botox,33
Spain,ES,2024,botox,33
Singapore,SG,2024,botox,31
South Korea,KR,2024,botox,31
Uruguay,UY,2024,botox,31
Bahrain,BH,2024,botox,29
Peru,PE,2024,botox,28
Guyana,GY,2024,botox,28
Greece,GR,2024,botox,28
South Africa,ZA,2024,botox,27
Barbados,BB,2024,botox,26
French Polynesia,PF,2024,botox,26
Slovakia,SK,2024,botox,26
Colombia,CO,2024,botox,25
Montenegro,ME,2024,botox,25
Hungary,HU,2024,botox,25
Mexico,MX,2024,botox,25
Dominican Republic,DO,2024,botox,25
Czechia,CZ,2024,botox,25
Romania,RO,2024,botox,25
Argentina,AR,2024,botox,25
North Macedonia,MK,2024,botox,24
Laos,LA,2024,botox,24
France,FR,2024,botox,24
Kuwait,KW,2024,botox,23
Finland,FI,2024,botox,23
Maldives,MV,2024,botox,23
Panama,PA,2024,botox,23
Greenland,GL,2024,botox,23
Ecuador,EC,2024,botox,22
Réunion,FR,2024,botox,22
Trinidad & Tobago,TT,2024,botox,22
Philippines,PH,2024,botox,22
Croatia,HR,2024,botox,22
Bahamas,BS,2024,botox,21
Seychelles,SC,2024,botox,21
El Salvador,SV,2024,botox,21
St. Barthélemy,FR,2024,botox,21
Estonia,EE,2024,botox,21
Honduras,HN,2024,botox,20
Poland,PL,2024,botox,20
St. Lucia,LC,2024,botox,20
Nicaragua,NI,2024,botox,19
Bhutan,BT,2024,botox,19
Suriname,SR,2024,botox,19
Namibia,NA,2024,botox,19
Bosnia & Herzegovina,BA,2024,botox,18
Italy,IT,2024,botox,18
Tunisia,TN,2024,botox,18
Thailand,TH,2024,botox,18
Bolivia,BO,2024,botox,18
Fiji,FJ,2024,botox,18
Grenada,GD,2024,botox,17
Guadeloupe,GP,2024,botox,17
Belize,BZ,2024,botox,17
Vietnam,VN,2024,botox,17
Hong Kong,HK,2024,botox,17
Mauritius,MU,2024,botox,17
Martinique,MQ,2024,botox,16
Cape Verde,CV,2024,botox,16
Serbia,RS,2024,botox,16
Guatemala,GT,2024,botox,16
Mongolia,MN,2024,botox,15
Morocco,MA,2024,botox,15
Venezuela,VE,2024,botox,15
Azerbaijan,AZ,2024,botox,15
Jordan,JO,2024,botox,15
Latvia,LV,2024,botox,15
Macao,MO,2024,botox,15
Madagascar,MG,2024,botox,14
Jamaica,JM,2024,botox,14
Moldova,MD,2024,botox,14
Georgia,GE,2024,botox,14
Pakistan,PK,2024,botox,14
Slovenia,SI,2024,botox,13
Brunei,BN,2024,botox,13
Türkiye,TR,2024,botox,13
India,IN,2024,botox,13
Oman,OM,2024,botox,13
Armenia,AM,2024,botox,12
Malaysia,MY,2024,botox,12
Nepal,NP,2024,botox,12
Angola,AO,2024,botox,12
Iraq,IQ,2024,botox,12
Cambodia,KH,2024,botox,11
Palestine,PS,2024,botox,11
Lithuania,LT,2024,botox,11
Botswana,BW,2024,botox,10
Indonesia,ID,2024,botox,10
Gambia,GM,2024,botox,10
China,CN,2024,botox,10
Saudi Arabia,SA,2024,botox,9
Algeria,DZ,2024,botox,9
Bulgaria,BG,2024,botox,9
Eswatini,SZ,2024,botox,8
Israel,IL,2024,botox,7
Egypt,EG,2024,botox,7
Zimbabwe,ZW,2024,botox,7
Myanmar (Burma),MM,2024,botox,7
Sri Lanka,LK,2024,botox,7
Ghana,GH,2024,botox,7
Taiwan,TW,2024,botox,7
Kenya,KE,2024,botox,7
Somalia,SO,2024,botox,7
Lesotho,LS,2024,botox,7
Syria,SY,2024,botox,6
Nigeria,NG,2024,botox,6
Ethiopia,ET,2024,botox,6
Libya,LY,2024,botox,6
Russia,RU,2024,botox,6
Haiti,HT,2024,botox,5
Malawi,MW,2024,botox,5
Mozambique,MZ,2024,botox,5
Rwanda,RW,2024,botox,5
Cameroon,CM,2024,botox,5
Senegal,SN,2024,botox,5
Zambia,ZM,2024,botox,5
Tanzania,TZ,2024,botox,5
Mauritania,MR,2024,botox,5
Gabon,GA,2024,botox,4
Côte d’Ivoire,CI,2024,botox,4
Afghanistan,AF,2024,botox,4
Bangladesh,BD,2024,botox,4
Uganda,UG,2024,botox,4
Congo - Brazzaville,CG,2024,botox,3
Mali,ML,2024,botox,3
Benin,BJ,2024,botox,3
Papua New Guinea,PG,2024,botox,3
Yemen,YE,2024,botox,3
Ukraine,UA,2024,botox,3
Congo - Kinshasa,CD,2024,botox,2
Kyrgyzstan,KG,2024,botox,2
Uzbekistan,UZ,2024,botox,2
Iran,IR,2024,botox,2
Burkina Faso,BF,2024,botox,2
Belarus,BY,2024,botox,2
Turkmenistan,TM,2024,botox,2
Kazakhstan,KZ,2024,botox,1
Tajikistan,TJ,2024,botox,1
Japan,JP,2024,botox,1